Name,Price,Car KM,Transmisi,Label,Dealers's Names,Address,Phone Number
2024 Toyota Kijang Innova 2.4 G MPV - PROMO LEBARAN DP 25 JT AN,Rp 376.900.000,- KM,Automatic,Showcase,DEALER JAKARTA SELATAN,DKI Jakarta » Jakarta Utara » Kelapa Gading,+628-223-0339998
2024 Toyota Avanza 1.5 G MPV - PROMO RAMADHAN DP 20 JUTAAN,Rp 226.900.000,- KM,Automatic,Showcase,DEALER JAKARTA SELATAN,DKI Jakarta » Jakarta Utara » Kelapa Gading,+628-223-0339998
2024 Toyota Kijang Innova Zenix 2.0 Q HV TSS Modellista Wagon - Ready Stock DP 79 juta,Rp 606.600.000,0 - 5K KM,Automatic,Showcase,DEALER JAKARTA SELATAN,DKI Jakarta » Jakarta Utara » Kelapa Gading,+628-223-0339998
2022 Toyota Agya 1.2 GR Sport Hatchback,Rp 145.000.000,0 - 5K KM,Automatic,Premium,AUTO HIGH Bintaro Tangerang,DKI Jakarta » Jakarta Selatan » Pondok Indah,+628-129-3293732
2022 Toyota Voxy 2.0 Van Wagon - PROMO RAMADHAN SALE,Rp 509.850.000,10 - 15K KM,Automatic,Premium,AUTO HIGH Bintaro Tangerang,DKI Jakarta » Jakarta Selatan » Pondok Indah,+628-129-3293732
2024 Toyota Avanza 1.5 G MPV,Rp 233.800.000,0 - 5K KM,Manual,Premium,AUTO HIGH Bintaro Tangerang,DKI Jakarta » Jakarta Selatan » Pondok Indah,+628-129-3293732
2024 Toyota Alphard 2.5 G MPV,Rp 1.591.600.000,0 - 5K KM,Automatic,Premium,AUTO HIGH Bintaro Tangerang,DKI Jakarta » Jakarta Selatan » Pondok Indah,+628-129-3293732
2024 Toyota Avanza 1.3 E MPV,Rp 227.800.000,0 - 5K KM,Automatic,Premium,AUTO HIGH Bintaro Tangerang,DKI Jakarta » Jakarta Selatan » Pondok Indah,+628-129-3293732
2024 Toyota Yaris Cross 1.5 S GR Parts Aero Package HEV Wagon,Rp 385.200.000,0 - 5K KM,Automatic,Premium,AUTO HIGH Bintaro Tangerang,DKI Jakarta » Jakarta Selatan » Pondok Indah,+628-129-3293732
2024 Toyota Fortuner 2.8 GR Sport SUV,Rp 605.450.000,0 - 5K KM,Automatic,Premium,AUTO HIGH Bintaro Tangerang,DKI Jakarta » Jakarta Selatan » Pondok Indah,+628-129-3293732
2024 Toyota Kijang Innova Zenix 2.0 Q HV TSS Modellista Wagon,Rp 570.800.000,0 - 5K KM,Automatic,Premium,AUTO HIGH Bintaro Tangerang,DKI Jakarta » Jakarta Selatan » Pondok Indah,+628-129-3293732
2024 Toyota Rush 1.5 S GR Sport SUV,Rp 290.450.000,0 - 5K KM,Automatic,Premium,AUTO HIGH Bintaro Tangerang,DKI Jakarta » Jakarta Selatan » Pondok Indah,+628-129-3293732
2024 Toyota Avanza 1.3 E MPV,Rp 210.000.000,0 - 5K KM,Manual,Premium,AUTO HIGH Bintaro Tangerang,DKI Jakarta » Jakarta Selatan » Pondok Indah,+628-129-3293732
2024 Toyota Avanza 1.3 E MPV,Rp 210.000.000,0 - 5K KM,Manual,Premium,AUTO HIGH Bintaro Tangerang,DKI Jakarta » Jakarta Selatan » Pondok Indah,+628-129-3293732
2024 Toyota Avanza 1.3 E MPV,Rp 210.000.000,0 - 5K KM,Manual,Premium,AUTO HIGH Bintaro Tangerang,DKI Jakarta » Jakarta Selatan » Pondok Indah,+628-129-3293732
2024 Toyota Avanza 1.3 E MPV,Rp 210.000.000,0 - 5K KM,Manual,Premium,AUTO HIGH Bintaro Tangerang,DKI Jakarta » Jakarta Selatan » Pondok Indah,+628-129-3293732
2024 Toyota Avanza 1.3 E MPV,Rp 210.000.000,0 - 5K KM,Manual,Premium,AUTO HIGH Bintaro Tangerang,DKI Jakarta » Jakarta Selatan » Pondok Indah,+628-129-3293732
2024 Toyota Veloz 1.5 Q TSS Wagon,Rp 308.300.000,0 - 5K KM,Automatic,Premium,AUTO HIGH Bintaro Tangerang,DKI Jakarta » Jakarta Selatan » Pondok Indah,+628-129-3293732
2024 Toyota Yaris Cross 1.5 S GR Parts Aero Package HEV Wagon,Rp 385.200.000,0 - 5K KM,Automatic,Premium,AUTO HIGH Bintaro Tangerang,DKI Jakarta » Jakarta Selatan » Pondok Indah,+628-129-3293732
2024 Toyota Agya 1.2 G Hatchback,Rp 157.000.000,0 - 5K KM,Automatic,Premium,AUTO HIGH Bintaro Tangerang,DKI Jakarta » Jakarta Selatan » Pondok Indah,+628-129-3293732
2024 Toyota Raize 1.0 GR Sport Wagon,Rp 261.400.000,0 - 5K KM,Automatic,Premium,AUTO HIGH Bintaro Tangerang,DKI Jakarta » Jakarta Selatan » Pondok Indah,+628-129-3293732
2024 Toyota Kijang Innova Zenix 2.0 Q HV TSS Modellista Wagon,Rp 570.800.000,0 - 5K KM,Automatic,Premium,Fatra Yustika,Banten » Tangerang » Karawaci,+628-154-6233293
2024 Toyota Avanza 1.5 G MPV,Rp 248.500.000,0 - 5K KM,Automatic,Premium,Fatra Yustika,Banten » Tangerang » Karawaci,+628-154-6233293
2024 Toyota Veloz 1.5 Q Wagon,Rp 286.300.000,0 - 5K KM,Automatic,Premium,Fatra Yustika,Banten » Tangerang » Karawaci,+628-154-6233293
2024 Toyota Rush 1.5 S GR Sport SUV,Rp 279.750.000,0 - 5K KM,Manual,Premium,Fatra Yustika,Banten » Tangerang » Karawaci,+628-154-6233293
2024 Toyota Alphard 2.5 G MPV,Rp 1.591.600.000,0 - 5K KM,Automatic,Premium,Fatra Yustika,Banten » Tangerang » Karawaci,+628-154-6233293
2024 Toyota Fortuner 2.8 GR Sport SUV,Rp 609.750.000,- KM,Automatic,Premium,Fatra Yustika,Banten » Tangerang » Karawaci,+628-154-6233293
2024 Toyota Kijang Innova Zenix 2.0 G Wagon,Rp 403.600.000,0 - 5K KM,Automatic,Premium,Fatra Yustika,Banten » Tangerang » Karawaci,+628-154-6233293
